{
  "has_precipitation": true,
  "temperature": 0.5,
  "downfall": 0.5,
  "effects": {
    "foliage_color": -10092442,
    "grass_color": -6750055,
    "sky_color": -3355648,
    "fog_color": -6711040,
    "water_color": -16750849,
    "water_fog_color": -16696429
  },
  "spawners": {
    "monster": [],
    "creature": [],
    "ambient": [],
    "axolotls": [],
    "underground_water_creature": [],
    "water_creature": [],
    "water_ambient": [],
    "misc": []
  },
  "spawn_costs": {},
  "carvers": [],
  "features": [
    [],
    [],
    [],
    [],
    [],
    [],
    [],
    [],
    [],
    [
      "hiiiiiii:yoyleland_tree"
    ],
    [
      "minecraft:freeze_top_layer"
    ]
  ]
}