{
  "variants": {
    "facing=south,in_wall=false,open=false": {
      "model": "hiiiiiii:block/yoylefencedoor",
      "uvlock": true
    },
    "facing=west,in_wall=false,open=false": {
      "model": "hiiiiiii:block/yoylefencedoor",
      "uvlock": true,
      "y": 90
    },
    "facing=north,in_wall=false,open=false": {
      "model": "hiiiiiii:block/yoylefencedoor",
      "uvlock": true,
      "y": 180
    },
    "facing=east,in_wall=false,open=false": {
      "model": "hiiiiiii:block/yoylefencedoor",
      "uvlock": true,
      "y": 270
    },
    "facing=south,in_wall=false,open=true": {
      "model": "hiiiiiii:block/yoylefencedoor_open",
      "uvlock": true
    },
    "facing=west,in_wall=false,open=true": {
      "model": "hiiiiiii:block/yoylefencedoor_open",
      "uvlock": true,
      "y": 90
    },
    "facing=north,in_wall=false,open=true": {
      "model": "hiiiiiii:block/yoylefencedoor_open",
      "uvlock": true,
      "y": 180
    },
    "facing=east,in_wall=false,open=true": {
      "model": "hiiiiiii:block/yoylefencedoor_open",
      "uvlock": true,
      "y": 270
    },
    "facing=south,in_wall=true,open=false": {
      "model": "hiiiiiii:block/yoylefencedoor_wall",
      "uvlock": true
    },
    "facing=west,in_wall=true,open=false": {
      "model": "hiiiiiii:block/yoylefencedoor_wall",
      "uvlock": true,
      "y": 90
    },
    "facing=north,in_wall=true,open=false": {
      "model": "hiiiiiii:block/yoylefencedoor_wall",
      "uvlock": true,
      "y": 180
    },
    "facing=east,in_wall=true,open=false": {
      "model": "hiiiiiii:block/yoylefencedoor_wall",
      "uvlock": true,
      "y": 270
    },
    "facing=south,in_wall=true,open=true": {
      "model": "hiiiiiii:block/yoylefencedoor_wall_open",
      "uvlock": true
    },
    "facing=west,in_wall=true,open=true": {
      "model": "hiiiiiii:block/yoylefencedoor_wall_open",
      "uvlock": true,
      "y": 90
    },
    "facing=north,in_wall=true,open=true": {
      "model": "hiiiiiii:block/yoylefencedoor_wall_open",
      "uvlock": true,
      "y": 180
    },
    "facing=east,in_wall=true,open=true": {
      "model": "hiiiiiii:block/yoylefencedoor_wall_open",
      "uvlock": true,
      "y": 270
    }
  }
}